{
  "train_loss": [
    1.0155853033065796,
    0.6754974871873856,
    0.39485422521829605,
    0.16973130777478218,
    0.07327067805454135,
    0.040189647115767,
    0.01149237691424787,
    0.0032474315958097577,
    0.002500880800653249,
    0.001798419893020764,
    0.0053739343347842805,
    0.005713564998586662,
    0.002055890901829116,
    0.0008018746492552964,
    0.0628834379476757,
    0.0006551845153808245,
    0.005449256845167838,
    0.012609196717676241,
    0.005170902281861345,
    0.008541587623767555,
    0.0666728924261406,
    0.008599182663601823,
    0.007606099476106465,
    0.007792748998326715,
    0.007394396321615204
  ],
  "train_acc": [
    36.93693693693694,
    71.17117117117117,
    89.1891891891892,
    94.5945945945946,
    99.09909909909909,
    99.09909909909909,
    100.0,
    100.0,
    100.0,
    100.0,
    100.0,
    100.0,
    100.0,
    100.0,
    99.09909909909909,
    100.0,
    100.0,
    99.09909909909909,
    100.0,
    100.0,
    97.29729729729729,
    100.0,
    100.0,
    100.0,
    99.09909909909909
  ],
  "val_loss": [
    0.9308574199676514,
    0.733204185962677,
    0.8090671896934509,
    0.3251284658908844,
    0.06253116577863693,
    0.024331672117114067,
    0.04374641552567482,
    0.07476802915334702,
    0.08620720356702805,
    0.0832366868853569,
    0.07316367328166962,
    0.04861972853541374,
    0.03149980306625366,
    0.02177618257701397,
    0.01206187903881073,
    0.0036187644582241774,
    0.002196157118305564,
    0.0016845561331138015,
    0.0009236581972800195,
    0.000491936516482383,
    0.0003170962736476213,
    0.00016892813437152654,
    0.00011235914280405268,
    8.70971052790992e-05,
    0.00011251826072111726
  ],
  "val_acc": [
    33.333333333333336,
    50.0,
    58.333333333333336,
    83.33333333333333,
    100.0,
    100.0,
    100.0,
    91.66666666666667,
    91.66666666666667,
    91.66666666666667,
    91.66666666666667,
    100.0,
    100.0,
    100.0,
    100.0,
    100.0,
    100.0,
    100.0,
    100.0,
    100.0,
    100.0,
    100.0,
    100.0,
    100.0,
    100.0
  ]
}