{
  "train_loss": [
    1.0893175601959229,
    0.7979267835617065,
    0.5975123941898346,
    0.3772375285625458,
    0.25642456859350204,
    0.12241549417376518,
    0.0561821972951293,
    0.03349354211241007,
    0.013518636114895344,
    0.013789174612611532,
    0.006581196095794439,
    0.03829734504688531,
    0.013832435011863708,
    0.0009451629302930087,
    0.0034826689516194165,
    0.0025957938050851226,
    0.0003857772971969098,
    0.002443778474116698,
    0.0021557530271820724,
    0.0009059321600943804,
    0.004232604987919331,
    0.00035734100674744695,
    0.0004875318845734,
    0.000481411479995586,
    0.0004033629156765528
  ],
  "train_acc": [
    41.666666666666664,
    85.41666666666667,
    91.66666666666667,
    93.75,
    95.83333333333333,
    97.91666666666667,
    100.0,
    100.0,
    100.0,
    100.0,
    100.0,
    97.91666666666667,
    100.0,
    100.0,
    100.0,
    100.0,
    100.0,
    100.0,
    100.0,
    100.0,
    100.0,
    100.0,
    100.0,
    100.0,
    100.0
  ],
  "val_loss": [
    0.9872746467590332,
    0.8493390679359436,
    0.8321542739868164,
    1.0419667959213257,
    1.2759803533554077,
    1.4946446418762207,
    1.4744316339492798,
    1.406840205192566,
    1.2620205879211426,
    1.0838360786437988,
    0.9261358380317688,
    0.8520882725715637,
    0.8069140315055847,
    0.7847611308097839,
    0.764733076095581,
    0.7361839413642883,
    0.7129903435707092,
    0.6925706267356873,
    0.6675820350646973,
    0.6452261209487915,
    0.6323938965797424,
    0.6152343153953552,
    0.5997967720031738,
    0.5794692039489746,
    0.5649830102920532
  ],
  "val_acc": [
    58.333333333333336,
    58.333333333333336,
    58.333333333333336,
    58.333333333333336,
    58.333333333333336,
    58.333333333333336,
    58.333333333333336,
    58.333333333333336,
    58.333333333333336,
    66.66666666666667,
    66.66666666666667,
    66.66666666666667,
    66.66666666666667,
    66.66666666666667,
    75.0,
    83.33333333333333,
    83.33333333333333,
    83.33333333333333,
    83.33333333333333,
    83.33333333333333,
    83.33333333333333,
    83.33333333333333,
    83.33333333333333,
    83.33333333333333,
    83.33333333333333
  ]
}